{"faqs":[
	{
		"question": "Does supermarket and restaurant pay together?",
		"answer": "No. You have to pay separately."
	},
	{
		"question": "What if I cannot find what I want?",
		"answer": "You can submite an inquiry form and we'll response within two business days. If many people inquiry an item, we may consider add it to our store."
	},
	{
		"question": "What are discounts in the shopping cart?",
		"answer": "Currently you will get a 50% discounts on all of our items. Enjoy shopping!"
	},
	{
		"question": "How long is the shipping time? And how much does it cost?",
		"answer": "Answer varies based on different area. Generally, it takes no longer than three days and no more than $10. Free shipping for over $50."
	},
	{
		"question": "How do I add multiple items to the cart?",
		"answer": "You can click on 'add to cart' multiple times. Or you can click the cart and edit the amount there."
	}
]}